total_viajes,duracion_promedio_min,tarifa_promedio
2869602,15.756166923729062,27.347956145167178
