vendor_id,total_viajes,duracion_promedio_min,tarifa_promedio
2,2204641,17.471760254844362,29.782464451146488
1,662600,17.74699909447642,27.41752838816964
