vendor_id,total_viajes,duracion_promedio_min,tarifa_promedio
2,2629383,16.810707442265244,28.252550963501932
1,810135,16.877755929567343,26.593471668303888
6,358,49.35405027932963,49.483379888268175
