total_viajes,duracion_promedio_min,tarifa_promedio
2973807,17.396800543321188,28.989500650196913
