vendor_id,total_viajes,duracion_promedio_min,tarifa_promedio
2,2173792,15.791438210279136,27.831489309944974
1,695602,15.635464293278874,25.82980920123952
6,208,50.79727564102562,51.02836538461538
