vendor_id,total_viajes,duracion_promedio_min,tarifa_promedio
2,2606346,17.798054914172525,29.198687058457526
1,821717,17.577498437215368,27.09526243220155
6,9,53.209259259259255,39.28222222222222
