total_viajes,duracion_promedio_min,tarifa_promedio
3483694,18.79353351164946,29.493558248829025
