vendor_id,total_viajes,duracion_promedio_min,tarifa_promedio
2,2736222,18.208501996548428,29.54158719945201
1,879881,18.121263367811604,27.33895612020475
6,185,45.831351351351344,45.60632432432433
