total_viajes,duracion_promedio_min,tarifa_promedio
3509849,17.95334491122924,28.588072449868406
