vendor_id,total_viajes,duracion_promedio_min,tarifa_promedio
2,2272551,17.358936044412822,29.538030411653537
1,701256,17.519507521741954,27.21188754178446
