total_viajes,duracion_promedio_min,tarifa_promedio
3428072,17.745279970782523,28.694517653102867
