total_viajes,duracion_promedio_min,tarifa_promedio
2901430,16.12970923533111,27.240358116540637
