vendor_id,total_viajes,duracion_promedio_min,tarifa_promedio
2,2208016,16.133118042019284,27.621553661766637
1,693414,16.11885468133023,26.026529346106177
