vendor_id,total_viajes,duracion_promedio_min,tarifa_promedio
2,2578344,17.19254147881978,28.687263542048623
1,835504,17.172944175013033,26.6648917539606
6,232,46.374066091954035,51.25603448275862
