total_viajes,duracion_promedio_min,tarifa_promedio
3439876,16.829885122797133,27.864026037598872
