vendor_id,total_viajes,duracion_promedio_min,tarifa_promedio
2,2708016,18.83585625048007,29.889439353409497
1,810311,19.00613404400674,27.701309892129412
6,316,43.96851265822786,34.43329113924055
