total_viajes,duracion_promedio_min,tarifa_promedio
3518643,18.87732675162926,29.3859414098287
