vendor_id,total_viajes,duracion_promedio_min,tarifa_promedio
2,2680218,17.925132116118814,28.97876094036402
1,829462,18.039751811012916,27.324299931765612
6,169,41.29773175542406,35.22094674556212
