vendor_id,total_viajes,duracion_promedio_min,tarifa_promedio
2,2675360,18.79888748928499,30.00152817940775
1,808256,18.773305384267864,27.811599654072353
6,78,44.763888888888886,35.271666666666654
