vendor_id,total_viajes,duracion_promedio_min,tarifa_promedio
2,2812648,18.424007293719995,29.897277224187846
1,869017,18.48974937582717,27.745768494749917
6,48,52.494097222222244,38.553958333333334
