total_viajes,duracion_promedio_min,tarifa_promedio
3616288,18.188689032326298,29.006485664333443
