total_viajes,duracion_promedio_min,tarifa_promedio
3681713,18.439968980924817,29.38955645920653
