total_viajes,duracion_promedio_min,tarifa_promedio
3414080,17.18972856523564,28.193876227300894
