total_viajes,duracion_promedio_min,tarifa_promedio
2867241,17.535366088863967,29.235943724319455
